{
  "src/addr_trans.c": 1776842761.1253793,
  "src/addr_trans.h": 1776842761.1253793,
  "src/cmp_model.c": 1776842761.1273794,
  "src/cmp_model.h": 1776842761.1273794,
  "src/cmp_model_support.c": 1776842761.1273794,
  "src/cmp_model_support.h": 1776842761.1283793,
  "src/core.param.h": 1776842761.1283793,
  "src/ctype_pin_inst.h": 1776842761.1283793,
  "src/dcache_stage.c": 1776842761.1283793,
  "src/dcache_stage.h": 1776842761.1283793,
  "src/decode_stage.c": 1776842761.1293793,
  "src/decode_stage.h": 1776842761.1293793,
  "src/decoupled_frontend.cc": 1776842761.1293793,
  "src/decoupled_frontend.h": 1776842761.1293793,
  "src/dumb_model.c": 1776842761.1293793,
  "src/dumb_model.h": 1776842761.1293793,
  "src/exec_ports.c": 1776842761.1303792,
  "src/exec_ports.h": 1776842761.1303792,
  "src/exec_stage.c": 1776842761.1303792,
  "src/exec_stage.h": 1776842761.1303792,
  "src/freq.c": 1776842761.1313794,
  "src/freq.h": 1776842761.1313794,
  "src/ft.cc": 1776842761.1323793,
  "src/ft.h": 1776842761.1323793,
  "src/ft_info.h": 1776842761.1323793,
  "src/ft_op_buffer.cc": 1776842761.1323793,
  "src/ft_op_buffer.h": 1776842761.1323793,
  "src/general.param.h": 1776842761.1323793,
  "src/icache_stage.c": 1776842761.1333792,
  "src/icache_stage.h": 1776842761.1333792,
  "src/idq_stage.cc": 1776842761.1333792,
  "src/idq_stage.h": 1776842761.1333792,
  "src/inst.param.h": 1776842761.1333792,
  "src/inst_info.h": 1776842761.1343791,
  "src/lookahead_buffer.cc": 1776842761.1353793,
  "src/lookahead_buffer.h": 1776842761.1353793,
  "src/lsq.cc": 1776842761.1353793,
  "src/lsq.h": 1776842761.1353793,
  "src/main.c": 1776842761.1353793,
  "src/map.c": 1776842761.1353793,
  "src/map.h": 1776842761.1353793,
  "src/map_rename.c": 1776842761.1363792,
  "src/map_rename.h": 1776842761.1363792,
  "src/map_stage.c": 1776842761.1363792,
  "src/map_stage.h": 1776842761.1363792,
  "src/model.h": 1776842761.1373792,
  "src/node_issue_queue.cc": 1776842761.1373792,
  "src/node_issue_queue.h": 1776842761.1373792,
  "src/node_stage.c": 1776842761.1373792,
  "src/node_stage.h": 1776842761.1373792,
  "src/op.h": 1776842761.1373792,
  "src/op_info.c": 1776842761.1373792,
  "src/op_info.h": 1776842761.1373792,
  "src/op_pool.c": 1776842761.138379,
  "src/op_pool.h": 1776842761.138379,
  "src/optimizer2.c": 1776842761.138379,
  "src/optimizer2.h": 1776842761.138379,
  "src/param_parser.c": 1776842761.138379,
  "src/param_parser.h": 1776842761.138379,
  "src/pred_info.h": 1776842761.142379,
  "src/sim.c": 1776842761.1483788,
  "src/sim.h": 1776842761.1483788,
  "src/stage_data.h": 1776842761.1483788,
  "src/stat_mon.c": 1776842761.1483788,
  "src/stat_mon.h": 1776842761.1483788,
  "src/stat_trace.c": 1776842761.1483788,
  "src/stat_trace.h": 1776842761.1483788,
  "src/statistics.c": 1776842761.1483788,
  "src/statistics.h": 1776842761.1483788,
  "src/table_info.h": 1776842761.149379,
  "src/thread.c": 1776842761.150379,
  "src/thread.h": 1776842761.150379,
  "src/topdown.c": 1776842761.150379,
  "src/topdown.h": 1776842761.150379,
  "src/trigger.c": 1776842761.150379,
  "src/trigger.h": 1776842761.150379,
  "src/uop_cache.cc": 1776842761.150379,
  "src/uop_cache.h": 1776842761.150379,
  "src/uop_queue_stage.cc": 1776842761.150379,
  "src/uop_queue_stage.h": 1776842761.150379,
  "src/version.c": 1776842761.150379,
  "src/version.h": 1776842761.150379,
  "src/bp/bimodal.cc": 1776842761.1253793,
  "src/bp/bimodal.h": 1776842761.1253793,
  "src/bp/bp.c": 1776842761.1253793,
  "src/bp/bp.h": 1776842761.1253793,
  "src/bp/bp.param.h": 1776842761.1253793,
  "src/bp/bp_conf.c": 1776842761.1263793,
  "src/bp/bp_conf.h": 1776842761.1263793,
  "src/bp/bp_targ_mech.c": 1776842761.1263793,
  "src/bp/bp_targ_mech.h": 1776842761.1263793,
  "src/bp/cbp_tagescl_64k.cc": 1776842761.1263793,
  "src/bp/cbp_tagescl_64k.h": 1776842761.1263793,
  "src/bp/cbp_to_scarab.cc": 1776842761.1263793,
  "src/bp/cbp_to_scarab.h": 1776842761.1263793,
  "src/bp/gshare.cc": 1776842761.1263793,
  "src/bp/gshare.h": 1776842761.1263793,
  "src/bp/hybridgp.cc": 1776842761.1263793,
  "src/bp/hybridgp.h": 1776842761.1263793,
  "src/bp/mtage_unlimited.cc": 1776842761.1273794,
  "src/bp/mtage_unlimited.h": 1776842761.1273794,
  "src/bp/tagescl.cc": 1776842761.1273794,
  "src/bp/tagescl.h": 1776842761.1273794,
  "src/bp/template_lib/loop_predictor.h": 1776842761.1273794,
  "src/bp/template_lib/statistical_corrector.h": 1776842761.1273794,
  "src/bp/template_lib/tage.h": 1776842761.1273794,
  "src/bp/template_lib/tagescl.h": 1776842761.1273794,
  "src/bp/template_lib/tagescl_configs.h": 1776842761.1273794,
  "src/bp/template_lib/utils.h": 1776842761.1273794,
  "src/confidence/btb_miss_bp_taken_conf.cc": 1776842761.1283793,
  "src/confidence/btb_miss_bp_taken_conf.hpp": 1776842761.1283793,
  "src/confidence/conf.cc": 1776842761.1283793,
  "src/confidence/conf.hpp": 1776842761.1283793,
  "src/confidence/weight_conf.cc": 1776842761.1283793,
  "src/confidence/weight_conf.hpp": 1776842761.1283793,
  "src/debug/debug.param.h": 1776842761.1283793,
  "src/debug/debug_macros.h": 1776842761.1283793,
  "src/debug/debug_print.c": 1776842761.1283793,
  "src/debug/debug_print.h": 1776842761.1283793,
  "src/debug/memview.c": 1776842761.1293793,
  "src/debug/memview.h": 1776842761.1293793,
  "src/debug/pipeview.c": 1776842761.1293793,
  "src/debug/pipeview.h": 1776842761.1293793,
  "src/dvfs/dvfs.c": 1776842761.1293793,
  "src/dvfs/dvfs.h": 1776842761.1303792,
  "src/dvfs/dvfs.param.h": 1776842761.1303792,
  "src/dvfs/perf_pred.c": 1776842761.1303792,
  "src/dvfs/perf_pred.h": 1776842761.1303792,
  "src/dvfs/power_pred.c": 1776842761.1303792,
  "src/dvfs/power_pred.h": 1776842761.1303792,
  "src/frontend/frontend.c": 1776842761.1313794,
  "src/frontend/frontend.h": 1776842761.1313794,
  "src/frontend/frontend_intf.c": 1776842761.1313794,
  "src/frontend/frontend_intf.h": 1776842761.1313794,
  "src/frontend/pin_exec_driven_fe.cc": 1776842761.1313794,
  "src/frontend/pin_exec_driven_fe.h": 1776842761.1313794,
  "src/frontend/pin_trace_fe.c": 1776842761.1313794,
  "src/frontend/pin_trace_fe.h": 1776842761.1313794,
  "src/frontend/pin_trace_read.cc": 1776842761.1313794,
  "src/frontend/pin_trace_read.h": 1776842761.1313794,
  "src/frontend/pt_memtrace/memtrace_fe.cc": 1776842761.1313794,
  "src/frontend/pt_memtrace/memtrace_fe.h": 1776842761.1313794,
  "src/frontend/pt_memtrace/memtrace_trace_reader.cc": 1776842761.1313794,
  "src/frontend/pt_memtrace/memtrace_trace_reader.h": 1776842761.1323793,
  "src/frontend/pt_memtrace/memtrace_trace_reader_memtrace.cc": 1776842761.1323793,
  "src/frontend/pt_memtrace/memtrace_trace_reader_memtrace.h": 1776842761.1323793,
  "src/frontend/pt_memtrace/pt_fe.cc": 1776842761.1323793,
  "src/frontend/pt_memtrace/pt_fe.h": 1776842761.1323793,
  "src/frontend/pt_memtrace/pt_trace_reader_pt.h": 1776842761.1323793,
  "src/frontend/pt_memtrace/trace_fe.cc": 1776842761.1323793,
  "src/frontend/pt_memtrace/trace_fe.h": 1776842761.1323793,
  "src/globals/assert.h": 1776842761.1333792,
  "src/globals/debug_stage.h": 1776842761.1333792,
  "src/globals/enum.c": 1776842761.1333792,
  "src/globals/enum.h": 1776842761.1333792,
  "src/globals/global_defs.h": 1776842761.1333792,
  "src/globals/global_types.h": 1776842761.1333792,
  "src/globals/global_vars.h": 1776842761.1333792,
  "src/globals/param_enum_headers.h": 1776842761.1333792,
  "src/globals/utils.c": 1776842761.1333792,
  "src/globals/utils.h": 1776842761.1333792,
  "src/isa/isa.c": 1776842761.1343791,
  "src/isa/isa.h": 1776842761.1343791,
  "src/isa/isa_macros.h": 1776842761.1343791,
  "src/libs/bloom_filter.hpp": 1776842761.1343791,
  "src/libs/cache_lib.c": 1776842761.1343791,
  "src/libs/cache_lib.h": 1776842761.1343791,
  "src/libs/cpp_cache.h": 1776842761.1343791,
  "src/libs/cpp_hash_lib_wrapper.cc": 1776842761.1343791,
  "src/libs/cpp_hash_lib_wrapper.h": 1776842761.1343791,
  "src/libs/hash_lib.c": 1776842761.1343791,